样本ID	体质标签	平和质	气虚质	阳虚质	阴虚质	痰湿质	湿热质	血瘀质	气郁质	特禀质	ADL用厕	ADL吃饭	ADL步行	ADL穿衣	ADL洗澡	ADL总分	IADL购物	IADL做饭	IADL理财	IADL交通	IADL服药	IADL总分	活动量表总分（ADL总分+IADL总分）	HDL-C（高密度脂蛋白）	LDL-C（低密度脂蛋白）	TG（甘油三酯）	TC（总胆固醇）	空腹血糖	血尿酸	BMI	高血脂症二分类标签	血脂异常分型标签（确诊病例）	年龄组	性别	吸烟史	饮酒史
1	5	20	20	43	27	64	2	15	18	24	6	4	5	3	2	20	1	3	2	10	2	18	38	0.9647	3.3607	1.7478	4.3083	5.3784000000000001	405	25.6813	1	2	2	0	1	0
2	5	34	34	17	19	58	20	33	41	5	2	7	8	0	7	24	0	1	3	9	3	16	40	1.2981	3.6636000000000002	2.5889000000000002	3.3645999999999998	4.6318000000000001	462	23.640899999999998	1	2	1	1	1	1
3	5	16	5	6	49	59	37	17	41	42	9	2	6	2	8	27	6	8	10	10	2	36	63	1.9628000000000001	3.7881999999999998	3.5815000000000001	5.7813999999999997	5.1867999999999999	419	24	1	2	1	0	0	1
4	5	48	1	14	25	56	10	46	46	45	5	2	4	0	9	20	8	1	4	5	6	24	44	1.2942	3.2492999999999999	2.1457000000000002	3.8115999999999999	3.5720999999999998	474	18.8903	1	2	4	0	0	0
5	5	30	38	34	1	58	7	1	31	19	7	5	0	7	8	27	3	7	6	4	0	20	47	0.88649999999999995	2.0459000000000001	2.3450000000000002	5.4698000000000002	4.3529999999999998	267	24.105	1	2	1	1	1	0
6	1	91	5	37	29	28	27	8	33	28	8	7	5	5	5	30	8	7	6	2	2	25	55	1.8634999999999999	1.9972000000000001	2.9701	3.5175999999999998	3.3348	525	20.2317	1	2	3	1	0	0
7	2	27	47	43	21	42	8	20	12	23	0	3	9	6	9	27	3	2	6	7	9	27	54	0.72240000000000004	1.9337	3.5480999999999998	3.75	3.4739	430	24.217400000000001	1	2	1	0	0	1
